{
  "hash": "ab4d8cd7",
  "configHash": "233df858",
  "lockfileHash": "5208d668",
  "browserHash": "107172b8",
  "optimized": {
    "@angular/common": {
      "src": "../../../../../node_modules/@angular/common/fesm2022/common.mjs",
      "file": "@angular_common.js",
      "fileHash": "4d9773b7",
      "needsInterop": false
    },
    "@angular/common/http": {
      "src": "../../../../../node_modules/@angular/common/fesm2022/http.mjs",
      "file": "@angular_common_http.js",
      "fileHash": "92fe5200",
      "needsInterop": false
    },
    "@angular/core": {
      "src": "../../../../../node_modules/@angular/core/fesm2022/core.mjs",
      "file": "@angular_core.js",
      "fileHash": "acb660d9",
      "needsInterop": false
    },
    "@angular/platform-browser": {
      "src": "../../../../../node_modules/@angular/platform-browser/fesm2022/platform-browser.mjs",
      "file": "@angular_platform-browser.js",
      "fileHash": "b3c04a59",
      "needsInterop": false
    },
    "@angular/router": {
      "src": "../../../../../node_modules/@angular/router/fesm2022/router.mjs",
      "file": "@angular_router.js",
      "fileHash": "23f37652",
      "needsInterop": false
    }
  },
  "chunks": {
    "chunk-MWTFILZX": {
      "file": "chunk-MWTFILZX.js"
    },
    "chunk-TUWWRYIO": {
      "file": "chunk-TUWWRYIO.js"
    },
    "chunk-42HI5PUK": {
      "file": "chunk-42HI5PUK.js"
    },
    "chunk-LF2LKXYJ": {
      "file": "chunk-LF2LKXYJ.js"
    }
  }
}